<Anims>
 <anim name="BUILD_PLAYER" root="custom_hat" numframes="1000" framerate="40">
  <frame idx="0" w="1235" h="737" x="-37.711731" y="-212.682846">
   <element name="wilson" layername="wilson" frame="1" z_index="7" m_a="1.000000" m_b="0.000000" m_c="0.000000" m_d="1.000000" m_tx="-145.635406" m_ty="-372.519196"/>
   <element name="swap_hat" layername="swap_hat" frame="1" z_index="6" m_a="1.000000" m_b="0.000000" m_c="0.000000" m_d="1.000000" m_tx="13.000000" m_ty="-120.699997"/>
   <element name="wilson" layername="wilson" frame="0" z_index="5" m_a="1.000000" m_b="0.000000" m_c="0.000000" m_d="1.000000" m_tx="-518.523804" m_ty="-365.000000"/>
   <element name="swap_hat" layername="swap_hat" frame="0" z_index="4" m_a="1.000000" m_b="0.000000" m_c="0.000000" m_d="1.000000" m_tx="-395.523804" m_ty="-120.099998"/>
   <element name="wilson" layername="wilson-2" frame="2" z_index="3" m_a="1.000000" m_b="0.000000" m_c="0.000000" m_d="1.000000" m_tx="266.000000" m_ty="-367.792572"/>
   <element name="swap_hat" layername="swap_hat-2" frame="2" z_index="2" m_a="-0.997876" m_b="0.061347" m_c="0.061362" m_d="0.998116" m_tx="387.504364" m_ty="-123.849998"/>
  </frame>
  <frame idx="25" w="1235" h="737" x="-37.711731" y="-212.682846">
   <element name="wilson" layername="wilson" frame="1" z_index="7" m_a="1.000000" m_b="0.000000" m_c="0.000000" m_d="1.000000" m_tx="-145.635406" m_ty="-372.519196"/>
   <element name="swap_hat" layername="swap_hat" frame="1" z_index="6" m_a="1.000000" m_b="0.000000" m_c="0.000000" m_d="1.000000" m_tx="13.000000" m_ty="-120.699997"/>
   <element name="wilson" layername="wilson" frame="0" z_index="5" m_a="1.000000" m_b="0.000000" m_c="0.000000" m_d="1.000000" m_tx="-518.523804" m_ty="-365.000000"/>
   <element name="swap_hat" layername="swap_hat" frame="0" z_index="4" m_a="1.000000" m_b="0.000000" m_c="0.000000" m_d="1.000000" m_tx="-395.523804" m_ty="-120.099998"/>
   <element name="wilson" layername="wilson-2" frame="2" z_index="3" m_a="1.000000" m_b="0.000000" m_c="0.000000" m_d="1.000000" m_tx="266.000000" m_ty="-367.792572"/>
   <element name="swap_hat" layername="swap_hat-2" frame="2" z_index="2" m_a="-0.997876" m_b="0.061347" m_c="0.061362" m_d="0.998116" m_tx="387.504364" m_ty="-123.849998"/>
  </frame>
  <frame idx="50" w="1235" h="737" x="-37.711731" y="-212.682846">
   <element name="wilson" layername="wilson" frame="1" z_index="7" m_a="1.000000" m_b="0.000000" m_c="0.000000" m_d="1.000000" m_tx="-145.635406" m_ty="-372.519196"/>
   <element name="swap_hat" layername="swap_hat" frame="1" z_index="6" m_a="1.000000" m_b="0.000000" m_c="0.000000" m_d="1.000000" m_tx="13.000000" m_ty="-120.699997"/>
   <element name="wilson" layername="wilson" frame="0" z_index="5" m_a="1.000000" m_b="0.000000" m_c="0.000000" m_d="1.000000" m_tx="-518.523804" m_ty="-365.000000"/>
   <element name="swap_hat" layername="swap_hat" frame="0" z_index="4" m_a="1.000000" m_b="0.000000" m_c="0.000000" m_d="1.000000" m_tx="-395.523804" m_ty="-120.099998"/>
   <element name="wilson" layername="wilson-2" frame="2" z_index="3" m_a="1.000000" m_b="0.000000" m_c="0.000000" m_d="1.000000" m_tx="266.000000" m_ty="-367.792572"/>
   <element name="swap_hat" layername="swap_hat-2" frame="2" z_index="2" m_a="-0.997876" m_b="0.061347" m_c="0.061362" m_d="0.998116" m_tx="387.504364" m_ty="-123.849998"/>
  </frame>
  <frame idx="75" w="1235" h="737" x="-37.711731" y="-212.682846">
   <element name="wilson" layername="wilson" frame="1" z_index="7" m_a="1.000000" m_b="0.000000" m_c="0.000000" m_d="1.000000" m_tx="-145.635406" m_ty="-372.519196"/>
   <element name="swap_hat" layername="swap_hat" frame="1" z_index="6" m_a="1.000000" m_b="0.000000" m_c="0.000000" m_d="1.000000" m_tx="13.000000" m_ty="-120.699997"/>
   <element name="wilson" layername="wilson" frame="0" z_index="5" m_a="1.000000" m_b="0.000000" m_c="0.000000" m_d="1.000000" m_tx="-518.523804" m_ty="-365.000000"/>
   <element name="swap_hat" layername="swap_hat" frame="0" z_index="4" m_a="1.000000" m_b="0.000000" m_c="0.000000" m_d="1.000000" m_tx="-395.523804" m_ty="-120.099998"/>
   <element name="wilson" layername="wilson-2" frame="2" z_index="3" m_a="1.000000" m_b="0.000000" m_c="0.000000" m_d="1.000000" m_tx="266.000000" m_ty="-367.792572"/>
   <element name="swap_hat" layername="swap_hat-2" frame="2" z_index="2" m_a="-0.997876" m_b="0.061347" m_c="0.061362" m_d="0.998116" m_tx="387.504364" m_ty="-123.849998"/>
  </frame>
  <frame idx="100" w="1235" h="737" x="-37.711731" y="-212.682846">
   <element name="wilson" layername="wilson" frame="1" z_index="7" m_a="1.000000" m_b="0.000000" m_c="0.000000" m_d="1.000000" m_tx="-145.635406" m_ty="-372.519196"/>
   <element name="swap_hat" layername="swap_hat" frame="1" z_index="6" m_a="1.000000" m_b="0.000000" m_c="0.000000" m_d="1.000000" m_tx="13.000000" m_ty="-120.699997"/>
   <element name="wilson" layername="wilson" frame="0" z_index="5" m_a="1.000000" m_b="0.000000" m_c="0.000000" m_d="1.000000" m_tx="-518.523804" m_ty="-365.000000"/>
   <element name="swap_hat" layername="swap_hat" frame="0" z_index="4" m_a="1.000000" m_b="0.000000" m_c="0.000000" m_d="1.000000" m_tx="-395.523804" m_ty="-120.099998"/>
   <element name="wilson" layername="wilson-2" frame="2" z_index="3" m_a="1.000000" m_b="0.000000" m_c="0.000000" m_d="1.000000" m_tx="266.000000" m_ty="-367.792572"/>
   <element name="swap_hat" layername="swap_hat-2" frame="2" z_index="2" m_a="-0.997876" m_b="0.061347" m_c="0.061362" m_d="0.998116" m_tx="387.504364" m_ty="-123.849998"/>
  </frame>
  <frame idx="125" w="1235" h="737" x="-37.711731" y="-212.682846">
   <element name="wilson" layername="wilson" frame="1" z_index="7" m_a="1.000000" m_b="0.000000" m_c="0.000000" m_d="1.000000" m_tx="-145.635406" m_ty="-372.519196"/>
   <element name="swap_hat" layername="swap_hat" frame="1" z_index="6" m_a="1.000000" m_b="0.000000" m_c="0.000000" m_d="1.000000" m_tx="13.000000" m_ty="-120.699997"/>
   <element name="wilson" layername="wilson" frame="0" z_index="5" m_a="1.000000" m_b="0.000000" m_c="0.000000" m_d="1.000000" m_tx="-518.523804" m_ty="-365.000000"/>
   <element name="swap_hat" layername="swap_hat" frame="0" z_index="4" m_a="1.000000" m_b="0.000000" m_c="0.000000" m_d="1.000000" m_tx="-395.523804" m_ty="-120.099998"/>
   <element name="wilson" layername="wilson-2" frame="2" z_index="3" m_a="1.000000" m_b="0.000000" m_c="0.000000" m_d="1.000000" m_tx="266.000000" m_ty="-367.792572"/>
   <element name="swap_hat" layername="swap_hat-2" frame="2" z_index="2" m_a="-0.997876" m_b="0.061347" m_c="0.061362" m_d="0.998116" m_tx="387.504364" m_ty="-123.849998"/>
  </frame>
  <frame idx="150" w="1235" h="737" x="-37.711731" y="-212.682846">
   <element name="wilson" layername="wilson" frame="1" z_index="7" m_a="1.000000" m_b="0.000000" m_c="0.000000" m_d="1.000000" m_tx="-145.635406" m_ty="-372.519196"/>
   <element name="swap_hat" layername="swap_hat" frame="1" z_index="6" m_a="1.000000" m_b="0.000000" m_c="0.000000" m_d="1.000000" m_tx="13.000000" m_ty="-120.699997"/>
   <element name="wilson" layername="wilson" frame="0" z_index="5" m_a="1.000000" m_b="0.000000" m_c="0.000000" m_d="1.000000" m_tx="-518.523804" m_ty="-365.000000"/>
   <element name="swap_hat" layername="swap_hat" frame="0" z_index="4" m_a="1.000000" m_b="0.000000" m_c="0.000000" m_d="1.000000" m_tx="-395.523804" m_ty="-120.099998"/>
   <element name="wilson" layername="wilson-2" frame="2" z_index="3" m_a="1.000000" m_b="0.000000" m_c="0.000000" m_d="1.000000" m_tx="266.000000" m_ty="-367.792572"/>
   <element name="swap_hat" layername="swap_hat-2" frame="2" z_index="2" m_a="-0.997876" m_b="0.061347" m_c="0.061362" m_d="0.998116" m_tx="387.504364" m_ty="-123.849998"/>
  </frame>
  <frame idx="175" w="1235" h="737" x="-37.711731" y="-212.682846">
   <element name="wilson" layername="wilson" frame="1" z_index="7" m_a="1.000000" m_b="0.000000" m_c="0.000000" m_d="1.000000" m_tx="-145.635406" m_ty="-372.519196"/>
   <element name="swap_hat" layername="swap_hat" frame="1" z_index="6" m_a="1.000000" m_b="0.000000" m_c="0.000000" m_d="1.000000" m_tx="13.000000" m_ty="-120.699997"/>
   <element name="wilson" layername="wilson" frame="0" z_index="5" m_a="1.000000" m_b="0.000000" m_c="0.000000" m_d="1.000000" m_tx="-518.523804" m_ty="-365.000000"/>
   <element name="swap_hat" layername="swap_hat" frame="0" z_index="4" m_a="1.000000" m_b="0.000000" m_c="0.000000" m_d="1.000000" m_tx="-395.523804" m_ty="-120.099998"/>
   <element name="wilson" layername="wilson-2" frame="2" z_index="3" m_a="1.000000" m_b="0.000000" m_c="0.000000" m_d="1.000000" m_tx="266.000000" m_ty="-367.792572"/>
   <element name="swap_hat" layername="swap_hat-2" frame="2" z_index="2" m_a="-0.997876" m_b="0.061347" m_c="0.061362" m_d="0.998116" m_tx="387.504364" m_ty="-123.849998"/>
  </frame>
  <frame idx="200" w="1235" h="737" x="-37.711731" y="-212.682846">
   <element name="wilson" layername="wilson" frame="1" z_index="7" m_a="1.000000" m_b="0.000000" m_c="0.000000" m_d="1.000000" m_tx="-145.635406" m_ty="-372.519196"/>
   <element name="swap_hat" layername="swap_hat" frame="1" z_index="6" m_a="1.000000" m_b="0.000000" m_c="0.000000" m_d="1.000000" m_tx="13.000000" m_ty="-120.699997"/>
   <element name="wilson" layername="wilson" frame="0" z_index="5" m_a="1.000000" m_b="0.000000" m_c="0.000000" m_d="1.000000" m_tx="-518.523804" m_ty="-365.000000"/>
   <element name="swap_hat" layername="swap_hat" frame="0" z_index="4" m_a="1.000000" m_b="0.000000" m_c="0.000000" m_d="1.000000" m_tx="-395.523804" m_ty="-120.099998"/>
   <element name="wilson" layername="wilson-2" frame="2" z_index="3" m_a="1.000000" m_b="0.000000" m_c="0.000000" m_d="1.000000" m_tx="266.000000" m_ty="-367.792572"/>
   <element name="swap_hat" layername="swap_hat-2" frame="2" z_index="2" m_a="-0.997876" m_b="0.061347" m_c="0.061362" m_d="0.998116" m_tx="387.504364" m_ty="-123.849998"/>
  </frame>
  <frame idx="225" w="1235" h="737" x="-37.711731" y="-212.682846">
   <element name="wilson" layername="wilson" frame="1" z_index="7" m_a="1.000000" m_b="0.000000" m_c="0.000000" m_d="1.000000" m_tx="-145.635406" m_ty="-372.519196"/>
   <element name="swap_hat" layername="swap_hat" frame="1" z_index="6" m_a="1.000000" m_b="0.000000" m_c="0.000000" m_d="1.000000" m_tx="13.000000" m_ty="-120.699997"/>
   <element name="wilson" layername="wilson" frame="0" z_index="5" m_a="1.000000" m_b="0.000000" m_c="0.000000" m_d="1.000000" m_tx="-518.523804" m_ty="-365.000000"/>
   <element name="swap_hat" layername="swap_hat" frame="0" z_index="4" m_a="1.000000" m_b="0.000000" m_c="0.000000" m_d="1.000000" m_tx="-395.523804" m_ty="-120.099998"/>
   <element name="wilson" layername="wilson-2" frame="2" z_index="3" m_a="1.000000" m_b="0.000000" m_c="0.000000" m_d="1.000000" m_tx="266.000000" m_ty="-367.792572"/>
   <element name="swap_hat" layername="swap_hat-2" frame="2" z_index="2" m_a="-0.997876" m_b="0.061347" m_c="0.061362" m_d="0.998116" m_tx="387.504364" m_ty="-123.849998"/>
  </frame>
  <frame idx="250" w="1235" h="737" x="-37.711731" y="-212.682846">
   <element name="wilson" layername="wilson" frame="1" z_index="7" m_a="1.000000" m_b="0.000000" m_c="0.000000" m_d="1.000000" m_tx="-145.635406" m_ty="-372.519196"/>
   <element name="swap_hat" layername="swap_hat" frame="1" z_index="6" m_a="1.000000" m_b="0.000000" m_c="0.000000" m_d="1.000000" m_tx="13.000000" m_ty="-120.699997"/>
   <element name="wilson" layername="wilson" frame="0" z_index="5" m_a="1.000000" m_b="0.000000" m_c="0.000000" m_d="1.000000" m_tx="-518.523804" m_ty="-365.000000"/>
   <element name="swap_hat" layername="swap_hat" frame="0" z_index="4" m_a="1.000000" m_b="0.000000" m_c="0.000000" m_d="1.000000" m_tx="-395.523804" m_ty="-120.099998"/>
   <element name="wilson" layername="wilson-2" frame="2" z_index="3" m_a="1.000000" m_b="0.000000" m_c="0.000000" m_d="1.000000" m_tx="266.000000" m_ty="-367.792572"/>
   <element name="swap_hat" layername="swap_hat-2" frame="2" z_index="2" m_a="-0.997876" m_b="0.061347" m_c="0.061362" m_d="0.998116" m_tx="387.504364" m_ty="-123.849998"/>
  </frame>
  <frame idx="275" w="1235" h="737" x="-37.711731" y="-212.682846">
   <element name="wilson" layername="wilson" frame="1" z_index="7" m_a="1.000000" m_b="0.000000" m_c="0.000000" m_d="1.000000" m_tx="-145.635406" m_ty="-372.519196"/>
   <element name="swap_hat" layername="swap_hat" frame="1" z_index="6" m_a="1.000000" m_b="0.000000" m_c="0.000000" m_d="1.000000" m_tx="13.000000" m_ty="-120.699997"/>
   <element name="wilson" layername="wilson" frame="0" z_index="5" m_a="1.000000" m_b="0.000000" m_c="0.000000" m_d="1.000000" m_tx="-518.523804" m_ty="-365.000000"/>
   <element name="swap_hat" layername="swap_hat" frame="0" z_index="4" m_a="1.000000" m_b="0.000000" m_c="0.000000" m_d="1.000000" m_tx="-395.523804" m_ty="-120.099998"/>
   <element name="wilson" layername="wilson-2" frame="2" z_index="3" m_a="1.000000" m_b="0.000000" m_c="0.000000" m_d="1.000000" m_tx="266.000000" m_ty="-367.792572"/>
   <element name="swap_hat" layername="swap_hat-2" frame="2" z_index="2" m_a="-0.997876" m_b="0.061347" m_c="0.061362" m_d="0.998116" m_tx="387.504364" m_ty="-123.849998"/>
  </frame>
  <frame idx="300" w="1235" h="737" x="-37.711731" y="-212.682846">
   <element name="wilson" layername="wilson" frame="1" z_index="7" m_a="1.000000" m_b="0.000000" m_c="0.000000" m_d="1.000000" m_tx="-145.635406" m_ty="-372.519196"/>
   <element name="swap_hat" layername="swap_hat" frame="1" z_index="6" m_a="1.000000" m_b="0.000000" m_c="0.000000" m_d="1.000000" m_tx="13.000000" m_ty="-120.699997"/>
   <element name="wilson" layername="wilson" frame="0" z_index="5" m_a="1.000000" m_b="0.000000" m_c="0.000000" m_d="1.000000" m_tx="-518.523804" m_ty="-365.000000"/>
   <element name="swap_hat" layername="swap_hat" frame="0" z_index="4" m_a="1.000000" m_b="0.000000" m_c="0.000000" m_d="1.000000" m_tx="-395.523804" m_ty="-120.099998"/>
   <element name="wilson" layername="wilson-2" frame="2" z_index="3" m_a="1.000000" m_b="0.000000" m_c="0.000000" m_d="1.000000" m_tx="266.000000" m_ty="-367.792572"/>
   <element name="swap_hat" layername="swap_hat-2" frame="2" z_index="2" m_a="-0.997876" m_b="0.061347" m_c="0.061362" m_d="0.998116" m_tx="387.504364" m_ty="-123.849998"/>
  </frame>
  <frame idx="325" w="1235" h="737" x="-37.711731" y="-212.682846">
   <element name="wilson" layername="wilson" frame="1" z_index="7" m_a="1.000000" m_b="0.000000" m_c="0.000000" m_d="1.000000" m_tx="-145.635406" m_ty="-372.519196"/>
   <element name="swap_hat" layername="swap_hat" frame="1" z_index="6" m_a="1.000000" m_b="0.000000" m_c="0.000000" m_d="1.000000" m_tx="13.000000" m_ty="-120.699997"/>
   <element name="wilson" layername="wilson" frame="0" z_index="5" m_a="1.000000" m_b="0.000000" m_c="0.000000" m_d="1.000000" m_tx="-518.523804" m_ty="-365.000000"/>
   <element name="swap_hat" layername="swap_hat" frame="0" z_index="4" m_a="1.000000" m_b="0.000000" m_c="0.000000" m_d="1.000000" m_tx="-395.523804" m_ty="-120.099998"/>
   <element name="wilson" layername="wilson-2" frame="2" z_index="3" m_a="1.000000" m_b="0.000000" m_c="0.000000" m_d="1.000000" m_tx="266.000000" m_ty="-367.792572"/>
   <element name="swap_hat" layername="swap_hat-2" frame="2" z_index="2" m_a="-0.997876" m_b="0.061347" m_c="0.061362" m_d="0.998116" m_tx="387.504364" m_ty="-123.849998"/>
  </frame>
  <frame idx="350" w="1235" h="737" x="-37.711731" y="-212.682846">
   <element name="wilson" layername="wilson" frame="1" z_index="7" m_a="1.000000" m_b="0.000000" m_c="0.000000" m_d="1.000000" m_tx="-145.635406" m_ty="-372.519196"/>
   <element name="swap_hat" layername="swap_hat" frame="1" z_index="6" m_a="1.000000" m_b="0.000000" m_c="0.000000" m_d="1.000000" m_tx="13.000000" m_ty="-120.699997"/>
   <element name="wilson" layername="wilson" frame="0" z_index="5" m_a="1.000000" m_b="0.000000" m_c="0.000000" m_d="1.000000" m_tx="-518.523804" m_ty="-365.000000"/>
   <element name="swap_hat" layername="swap_hat" frame="0" z_index="4" m_a="1.000000" m_b="0.000000" m_c="0.000000" m_d="1.000000" m_tx="-395.523804" m_ty="-120.099998"/>
   <element name="wilson" layername="wilson-2" frame="2" z_index="3" m_a="1.000000" m_b="0.000000" m_c="0.000000" m_d="1.000000" m_tx="266.000000" m_ty="-367.792572"/>
   <element name="swap_hat" layername="swap_hat-2" frame="2" z_index="2" m_a="-0.997876" m_b="0.061347" m_c="0.061362" m_d="0.998116" m_tx="387.504364" m_ty="-123.849998"/>
  </frame>
  <frame idx="375" w="1235" h="737" x="-37.711731" y="-212.682846">
   <element name="wilson" layername="wilson" frame="1" z_index="7" m_a="1.000000" m_b="0.000000" m_c="0.000000" m_d="1.000000" m_tx="-145.635406" m_ty="-372.519196"/>
   <element name="swap_hat" layername="swap_hat" frame="1" z_index="6" m_a="1.000000" m_b="0.000000" m_c="0.000000" m_d="1.000000" m_tx="13.000000" m_ty="-120.699997"/>
   <element name="wilson" layername="wilson" frame="0" z_index="5" m_a="1.000000" m_b="0.000000" m_c="0.000000" m_d="1.000000" m_tx="-518.523804" m_ty="-365.000000"/>
   <element name="swap_hat" layername="swap_hat" frame="0" z_index="4" m_a="1.000000" m_b="0.000000" m_c="0.000000" m_d="1.000000" m_tx="-395.523804" m_ty="-120.099998"/>
   <element name="wilson" layername="wilson-2" frame="2" z_index="3" m_a="1.000000" m_b="0.000000" m_c="0.000000" m_d="1.000000" m_tx="266.000000" m_ty="-367.792572"/>
   <element name="swap_hat" layername="swap_hat-2" frame="2" z_index="2" m_a="-0.997876" m_b="0.061347" m_c="0.061362" m_d="0.998116" m_tx="387.504364" m_ty="-123.849998"/>
  </frame>
  <frame idx="400" w="1235" h="737" x="-37.711731" y="-212.682846">
   <element name="wilson" layername="wilson" frame="1" z_index="7" m_a="1.000000" m_b="0.000000" m_c="0.000000" m_d="1.000000" m_tx="-145.635406" m_ty="-372.519196"/>
   <element name="swap_hat" layername="swap_hat" frame="1" z_index="6" m_a="1.000000" m_b="0.000000" m_c="0.000000" m_d="1.000000" m_tx="13.000000" m_ty="-120.699997"/>
   <element name="wilson" layername="wilson" frame="0" z_index="5" m_a="1.000000" m_b="0.000000" m_c="0.000000" m_d="1.000000" m_tx="-518.523804" m_ty="-365.000000"/>
   <element name="swap_hat" layername="swap_hat" frame="0" z_index="4" m_a="1.000000" m_b="0.000000" m_c="0.000000" m_d="1.000000" m_tx="-395.523804" m_ty="-120.099998"/>
   <element name="wilson" layername="wilson-2" frame="2" z_index="3" m_a="1.000000" m_b="0.000000" m_c="0.000000" m_d="1.000000" m_tx="266.000000" m_ty="-367.792572"/>
   <element name="swap_hat" layername="swap_hat-2" frame="2" z_index="2" m_a="-0.997876" m_b="0.061347" m_c="0.061362" m_d="0.998116" m_tx="387.504364" m_ty="-123.849998"/>
  </frame>
  <frame idx="425" w="1235" h="737" x="-37.711731" y="-212.682846">
   <element name="wilson" layername="wilson" frame="1" z_index="7" m_a="1.000000" m_b="0.000000" m_c="0.000000" m_d="1.000000" m_tx="-145.635406" m_ty="-372.519196"/>
   <element name="swap_hat" layername="swap_hat" frame="1" z_index="6" m_a="1.000000" m_b="0.000000" m_c="0.000000" m_d="1.000000" m_tx="13.000000" m_ty="-120.699997"/>
   <element name="wilson" layername="wilson" frame="0" z_index="5" m_a="1.000000" m_b="0.000000" m_c="0.000000" m_d="1.000000" m_tx="-518.523804" m_ty="-365.000000"/>
   <element name="swap_hat" layername="swap_hat" frame="0" z_index="4" m_a="1.000000" m_b="0.000000" m_c="0.000000" m_d="1.000000" m_tx="-395.523804" m_ty="-120.099998"/>
   <element name="wilson" layername="wilson-2" frame="2" z_index="3" m_a="1.000000" m_b="0.000000" m_c="0.000000" m_d="1.000000" m_tx="266.000000" m_ty="-367.792572"/>
   <element name="swap_hat" layername="swap_hat-2" frame="2" z_index="2" m_a="-0.997876" m_b="0.061347" m_c="0.061362" m_d="0.998116" m_tx="387.504364" m_ty="-123.849998"/>
  </frame>
  <frame idx="450" w="1235" h="737" x="-37.711731" y="-212.682846">
   <element name="wilson" layername="wilson" frame="1" z_index="7" m_a="1.000000" m_b="0.000000" m_c="0.000000" m_d="1.000000" m_tx="-145.635406" m_ty="-372.519196"/>
   <element name="swap_hat" layername="swap_hat" frame="1" z_index="6" m_a="1.000000" m_b="0.000000" m_c="0.000000" m_d="1.000000" m_tx="13.000000" m_ty="-120.699997"/>
   <element name="wilson" layername="wilson" frame="0" z_index="5" m_a="1.000000" m_b="0.000000" m_c="0.000000" m_d="1.000000" m_tx="-518.523804" m_ty="-365.000000"/>
   <element name="swap_hat" layername="swap_hat" frame="0" z_index="4" m_a="1.000000" m_b="0.000000" m_c="0.000000" m_d="1.000000" m_tx="-395.523804" m_ty="-120.099998"/>
   <element name="wilson" layername="wilson-2" frame="2" z_index="3" m_a="1.000000" m_b="0.000000" m_c="0.000000" m_d="1.000000" m_tx="266.000000" m_ty="-367.792572"/>
   <element name="swap_hat" layername="swap_hat-2" frame="2" z_index="2" m_a="-0.997876" m_b="0.061347" m_c="0.061362" m_d="0.998116" m_tx="387.504364" m_ty="-123.849998"/>
  </frame>
  <frame idx="475" w="1235" h="737" x="-37.711731" y="-212.682846">
   <element name="wilson" layername="wilson" frame="1" z_index="7" m_a="1.000000" m_b="0.000000" m_c="0.000000" m_d="1.000000" m_tx="-145.635406" m_ty="-372.519196"/>
   <element name="swap_hat" layername="swap_hat" frame="1" z_index="6" m_a="1.000000" m_b="0.000000" m_c="0.000000" m_d="1.000000" m_tx="13.000000" m_ty="-120.699997"/>
   <element name="wilson" layername="wilson" frame="0" z_index="5" m_a="1.000000" m_b="0.000000" m_c="0.000000" m_d="1.000000" m_tx="-518.523804" m_ty="-365.000000"/>
   <element name="swap_hat" layername="swap_hat" frame="0" z_index="4" m_a="1.000000" m_b="0.000000" m_c="0.000000" m_d="1.000000" m_tx="-395.523804" m_ty="-120.099998"/>
   <element name="wilson" layername="wilson-2" frame="2" z_index="3" m_a="1.000000" m_b="0.000000" m_c="0.000000" m_d="1.000000" m_tx="266.000000" m_ty="-367.792572"/>
   <element name="swap_hat" layername="swap_hat-2" frame="2" z_index="2" m_a="-0.997876" m_b="0.061347" m_c="0.061362" m_d="0.998116" m_tx="387.504364" m_ty="-123.849998"/>
  </frame>
  <frame idx="500" w="1235" h="737" x="-37.711731" y="-212.682846">
   <element name="wilson" layername="wilson" frame="1" z_index="7" m_a="1.000000" m_b="0.000000" m_c="0.000000" m_d="1.000000" m_tx="-145.635406" m_ty="-372.519196"/>
   <element name="swap_hat" layername="swap_hat" frame="1" z_index="6" m_a="1.000000" m_b="0.000000" m_c="0.000000" m_d="1.000000" m_tx="13.000000" m_ty="-120.699997"/>
   <element name="wilson" layername="wilson" frame="0" z_index="5" m_a="1.000000" m_b="0.000000" m_c="0.000000" m_d="1.000000" m_tx="-518.523804" m_ty="-365.000000"/>
   <element name="swap_hat" layername="swap_hat" frame="0" z_index="4" m_a="1.000000" m_b="0.000000" m_c="0.000000" m_d="1.000000" m_tx="-395.523804" m_ty="-120.099998"/>
   <element name="wilson" layername="wilson-2" frame="2" z_index="3" m_a="1.000000" m_b="0.000000" m_c="0.000000" m_d="1.000000" m_tx="266.000000" m_ty="-367.792572"/>
   <element name="swap_hat" layername="swap_hat-2" frame="2" z_index="2" m_a="-0.997876" m_b="0.061347" m_c="0.061362" m_d="0.998116" m_tx="387.504364" m_ty="-123.849998"/>
  </frame>
  <frame idx="525" w="1235" h="737" x="-37.711731" y="-212.682846">
   <element name="wilson" layername="wilson" frame="1" z_index="7" m_a="1.000000" m_b="0.000000" m_c="0.000000" m_d="1.000000" m_tx="-145.635406" m_ty="-372.519196"/>
   <element name="swap_hat" layername="swap_hat" frame="1" z_index="6" m_a="1.000000" m_b="0.000000" m_c="0.000000" m_d="1.000000" m_tx="13.000000" m_ty="-120.699997"/>
   <element name="wilson" layername="wilson" frame="0" z_index="5" m_a="1.000000" m_b="0.000000" m_c="0.000000" m_d="1.000000" m_tx="-518.523804" m_ty="-365.000000"/>
   <element name="swap_hat" layername="swap_hat" frame="0" z_index="4" m_a="1.000000" m_b="0.000000" m_c="0.000000" m_d="1.000000" m_tx="-395.523804" m_ty="-120.099998"/>
   <element name="wilson" layername="wilson-2" frame="2" z_index="3" m_a="1.000000" m_b="0.000000" m_c="0.000000" m_d="1.000000" m_tx="266.000000" m_ty="-367.792572"/>
   <element name="swap_hat" layername="swap_hat-2" frame="2" z_index="2" m_a="-0.997876" m_b="0.061347" m_c="0.061362" m_d="0.998116" m_tx="387.504364" m_ty="-123.849998"/>
  </frame>
  <frame idx="550" w="1235" h="737" x="-37.711731" y="-212.682846">
   <element name="wilson" layername="wilson" frame="1" z_index="7" m_a="1.000000" m_b="0.000000" m_c="0.000000" m_d="1.000000" m_tx="-145.635406" m_ty="-372.519196"/>
   <element name="swap_hat" layername="swap_hat" frame="1" z_index="7" m_a="1.000000" m_b="0.000000" m_c="0.000000" m_d="1.000000" m_tx="13.000000" m_ty="-120.699997"/>
   <element name="wilson" layername="wilson" frame="0" z_index="5" m_a="1.000000" m_b="0.000000" m_c="0.000000" m_d="1.000000" m_tx="-518.523804" m_ty="-365.000000"/>
   <element name="swap_hat" layername="swap_hat" frame="0" z_index="4" m_a="1.000000" m_b="0.000000" m_c="0.000000" m_d="1.000000" m_tx="-395.523804" m_ty="-120.099998"/>
   <element name="wilson" layername="wilson-2" frame="2" z_index="3" m_a="1.000000" m_b="0.000000" m_c="0.000000" m_d="1.000000" m_tx="266.000000" m_ty="-367.792572"/>
   <element name="swap_hat" layername="swap_hat-2" frame="2" z_index="2" m_a="-0.997876" m_b="0.061347" m_c="0.061362" m_d="0.998116" m_tx="387.504364" m_ty="-123.849998"/>
  </frame>
  <frame idx="575" w="1235" h="737" x="-37.711731" y="-212.682846">
   <element name="wilson" layername="wilson" frame="1" z_index="7" m_a="1.000000" m_b="0.000000" m_c="0.000000" m_d="1.000000" m_tx="-145.635406" m_ty="-372.519196"/>
   <element name="swap_hat" layername="swap_hat" frame="1" z_index="7" m_a="1.000000" m_b="0.000000" m_c="0.000000" m_d="1.000000" m_tx="13.000000" m_ty="-120.699997"/>
   <element name="wilson" layername="wilson" frame="0" z_index="5" m_a="1.000000" m_b="0.000000" m_c="0.000000" m_d="1.000000" m_tx="-518.523804" m_ty="-365.000000"/>
   <element name="swap_hat" layername="swap_hat" frame="0" z_index="4" m_a="1.000000" m_b="0.000000" m_c="0.000000" m_d="1.000000" m_tx="-395.523804" m_ty="-120.099998"/>
   <element name="wilson" layername="wilson-2" frame="2" z_index="3" m_a="1.000000" m_b="0.000000" m_c="0.000000" m_d="1.000000" m_tx="266.000000" m_ty="-367.792572"/>
   <element name="swap_hat" layername="swap_hat-2" frame="2" z_index="2" m_a="-0.997876" m_b="0.061347" m_c="0.061362" m_d="0.998116" m_tx="387.504364" m_ty="-123.849998"/>
  </frame>
  <frame idx="600" w="1235" h="737" x="-37.711731" y="-212.682846">
   <element name="wilson" layername="wilson" frame="1" z_index="7" m_a="1.000000" m_b="0.000000" m_c="0.000000" m_d="1.000000" m_tx="-145.635406" m_ty="-372.519196"/>
   <element name="swap_hat" layername="swap_hat" frame="1" z_index="7" m_a="1.000000" m_b="0.000000" m_c="0.000000" m_d="1.000000" m_tx="13.000000" m_ty="-120.699997"/>
   <element name="wilson" layername="wilson" frame="0" z_index="5" m_a="1.000000" m_b="0.000000" m_c="0.000000" m_d="1.000000" m_tx="-518.523804" m_ty="-365.000000"/>
   <element name="swap_hat" layername="swap_hat" frame="0" z_index="4" m_a="1.000000" m_b="0.000000" m_c="0.000000" m_d="1.000000" m_tx="-395.523804" m_ty="-120.099998"/>
   <element name="wilson" layername="wilson-2" frame="2" z_index="3" m_a="1.000000" m_b="0.000000" m_c="0.000000" m_d="1.000000" m_tx="266.000000" m_ty="-367.792572"/>
   <element name="swap_hat" layername="swap_hat-2" frame="2" z_index="2" m_a="-0.997876" m_b="0.061347" m_c="0.061362" m_d="0.998116" m_tx="387.504364" m_ty="-123.849998"/>
  </frame>
  <frame idx="625" w="1235" h="737" x="-37.711731" y="-212.682846">
   <element name="wilson" layername="wilson" frame="1" z_index="7" m_a="1.000000" m_b="0.000000" m_c="0.000000" m_d="1.000000" m_tx="-145.635406" m_ty="-372.519196"/>
   <element name="swap_hat" layername="swap_hat" frame="1" z_index="7" m_a="1.000000" m_b="0.000000" m_c="0.000000" m_d="1.000000" m_tx="13.000000" m_ty="-120.699997"/>
   <element name="wilson" layername="wilson" frame="0" z_index="5" m_a="1.000000" m_b="0.000000" m_c="0.000000" m_d="1.000000" m_tx="-518.523804" m_ty="-365.000000"/>
   <element name="swap_hat" layername="swap_hat" frame="0" z_index="4" m_a="1.000000" m_b="0.000000" m_c="0.000000" m_d="1.000000" m_tx="-395.523804" m_ty="-120.099998"/>
   <element name="wilson" layername="wilson-2" frame="2" z_index="3" m_a="1.000000" m_b="0.000000" m_c="0.000000" m_d="1.000000" m_tx="266.000000" m_ty="-367.792572"/>
   <element name="swap_hat" layername="swap_hat-2" frame="2" z_index="2" m_a="-0.997876" m_b="0.061347" m_c="0.061362" m_d="0.998116" m_tx="387.504364" m_ty="-123.849998"/>
  </frame>
  <frame idx="650" w="1235" h="737" x="-37.711731" y="-212.682846">
   <element name="wilson" layername="wilson" frame="1" z_index="7" m_a="1.000000" m_b="0.000000" m_c="0.000000" m_d="1.000000" m_tx="-145.635406" m_ty="-372.519196"/>
   <element name="swap_hat" layername="swap_hat" frame="1" z_index="7" m_a="1.000000" m_b="0.000000" m_c="0.000000" m_d="1.000000" m_tx="13.000000" m_ty="-120.699997"/>
   <element name="wilson" layername="wilson" frame="0" z_index="5" m_a="1.000000" m_b="0.000000" m_c="0.000000" m_d="1.000000" m_tx="-518.523804" m_ty="-365.000000"/>
   <element name="swap_hat" layername="swap_hat" frame="0" z_index="4" m_a="1.000000" m_b="0.000000" m_c="0.000000" m_d="1.000000" m_tx="-395.523804" m_ty="-120.099998"/>
   <element name="wilson" layername="wilson-2" frame="2" z_index="3" m_a="1.000000" m_b="0.000000" m_c="0.000000" m_d="1.000000" m_tx="266.000000" m_ty="-367.792572"/>
   <element name="swap_hat" layername="swap_hat-2" frame="2" z_index="2" m_a="-0.997876" m_b="0.061347" m_c="0.061362" m_d="0.998116" m_tx="387.504364" m_ty="-123.849998"/>
  </frame>
  <frame idx="675" w="1235" h="737" x="-37.711731" y="-212.682846">
   <element name="wilson" layername="wilson" frame="1" z_index="7" m_a="1.000000" m_b="0.000000" m_c="0.000000" m_d="1.000000" m_tx="-145.635406" m_ty="-372.519196"/>
   <element name="swap_hat" layername="swap_hat" frame="1" z_index="7" m_a="1.000000" m_b="0.000000" m_c="0.000000" m_d="1.000000" m_tx="13.000000" m_ty="-120.699997"/>
   <element name="wilson" layername="wilson" frame="0" z_index="5" m_a="1.000000" m_b="0.000000" m_c="0.000000" m_d="1.000000" m_tx="-518.523804" m_ty="-365.000000"/>
   <element name="swap_hat" layername="swap_hat" frame="0" z_index="4" m_a="1.000000" m_b="0.000000" m_c="0.000000" m_d="1.000000" m_tx="-395.523804" m_ty="-120.099998"/>
   <element name="wilson" layername="wilson-2" frame="2" z_index="3" m_a="1.000000" m_b="0.000000" m_c="0.000000" m_d="1.000000" m_tx="266.000000" m_ty="-367.792572"/>
   <element name="swap_hat" layername="swap_hat-2" frame="2" z_index="2" m_a="-0.997876" m_b="0.061347" m_c="0.061362" m_d="0.998116" m_tx="387.504364" m_ty="-123.849998"/>
  </frame>
  <frame idx="700" w="1235" h="737" x="-37.711731" y="-212.682846">
   <element name="wilson" layername="wilson" frame="1" z_index="7" m_a="1.000000" m_b="0.000000" m_c="0.000000" m_d="1.000000" m_tx="-145.635406" m_ty="-372.519196"/>
   <element name="swap_hat" layername="swap_hat" frame="1" z_index="7" m_a="1.000000" m_b="0.000000" m_c="0.000000" m_d="1.000000" m_tx="13.000000" m_ty="-120.699997"/>
   <element name="wilson" layername="wilson" frame="0" z_index="5" m_a="1.000000" m_b="0.000000" m_c="0.000000" m_d="1.000000" m_tx="-518.523804" m_ty="-365.000000"/>
   <element name="swap_hat" layername="swap_hat" frame="0" z_index="4" m_a="1.000000" m_b="0.000000" m_c="0.000000" m_d="1.000000" m_tx="-395.523804" m_ty="-120.099998"/>
   <element name="wilson" layername="wilson-2" frame="2" z_index="3" m_a="1.000000" m_b="0.000000" m_c="0.000000" m_d="1.000000" m_tx="266.000000" m_ty="-367.792572"/>
   <element name="swap_hat" layername="swap_hat-2" frame="2" z_index="2" m_a="-0.997876" m_b="0.061347" m_c="0.061362" m_d="0.998116" m_tx="387.504364" m_ty="-123.849998"/>
  </frame>
  <frame idx="725" w="1235" h="737" x="-37.711731" y="-212.682846">
   <element name="wilson" layername="wilson" frame="1" z_index="7" m_a="1.000000" m_b="0.000000" m_c="0.000000" m_d="1.000000" m_tx="-145.635406" m_ty="-372.519196"/>
   <element name="swap_hat" layername="swap_hat" frame="1" z_index="7" m_a="1.000000" m_b="0.000000" m_c="0.000000" m_d="1.000000" m_tx="13.000000" m_ty="-120.699997"/>
   <element name="wilson" layername="wilson" frame="0" z_index="5" m_a="1.000000" m_b="0.000000" m_c="0.000000" m_d="1.000000" m_tx="-518.523804" m_ty="-365.000000"/>
   <element name="swap_hat" layername="swap_hat" frame="0" z_index="4" m_a="1.000000" m_b="0.000000" m_c="0.000000" m_d="1.000000" m_tx="-395.523804" m_ty="-120.099998"/>
   <element name="wilson" layername="wilson-2" frame="2" z_index="3" m_a="1.000000" m_b="0.000000" m_c="0.000000" m_d="1.000000" m_tx="266.000000" m_ty="-367.792572"/>
   <element name="swap_hat" layername="swap_hat-2" frame="2" z_index="2" m_a="-0.997876" m_b="0.061347" m_c="0.061362" m_d="0.998116" m_tx="387.504364" m_ty="-123.849998"/>
  </frame>
  <frame idx="750" w="1235" h="737" x="-37.711731" y="-212.682846">
   <element name="wilson" layername="wilson" frame="1" z_index="7" m_a="1.000000" m_b="0.000000" m_c="0.000000" m_d="1.000000" m_tx="-145.635406" m_ty="-372.519196"/>
   <element name="swap_hat" layername="swap_hat" frame="1" z_index="7" m_a="1.000000" m_b="0.000000" m_c="0.000000" m_d="1.000000" m_tx="13.000000" m_ty="-120.699997"/>
   <element name="wilson" layername="wilson" frame="0" z_index="5" m_a="1.000000" m_b="0.000000" m_c="0.000000" m_d="1.000000" m_tx="-518.523804" m_ty="-365.000000"/>
   <element name="swap_hat" layername="swap_hat" frame="0" z_index="4" m_a="1.000000" m_b="0.000000" m_c="0.000000" m_d="1.000000" m_tx="-395.523804" m_ty="-120.099998"/>
   <element name="wilson" layername="wilson-2" frame="2" z_index="3" m_a="1.000000" m_b="0.000000" m_c="0.000000" m_d="1.000000" m_tx="266.000000" m_ty="-367.792572"/>
   <element name="swap_hat" layername="swap_hat-2" frame="2" z_index="2" m_a="-0.997876" m_b="0.061347" m_c="0.061362" m_d="0.998116" m_tx="387.504364" m_ty="-123.849998"/>
  </frame>
  <frame idx="775" w="1235" h="737" x="-37.711731" y="-212.682846">
   <element name="wilson" layername="wilson" frame="1" z_index="7" m_a="1.000000" m_b="0.000000" m_c="0.000000" m_d="1.000000" m_tx="-145.635406" m_ty="-372.519196"/>
   <element name="swap_hat" layername="swap_hat" frame="1" z_index="7" m_a="1.000000" m_b="0.000000" m_c="0.000000" m_d="1.000000" m_tx="13.000000" m_ty="-120.699997"/>
   <element name="wilson" layername="wilson" frame="0" z_index="5" m_a="1.000000" m_b="0.000000" m_c="0.000000" m_d="1.000000" m_tx="-518.523804" m_ty="-365.000000"/>
   <element name="swap_hat" layername="swap_hat" frame="0" z_index="4" m_a="1.000000" m_b="0.000000" m_c="0.000000" m_d="1.000000" m_tx="-395.523804" m_ty="-120.099998"/>
   <element name="wilson" layername="wilson-2" frame="2" z_index="3" m_a="1.000000" m_b="0.000000" m_c="0.000000" m_d="1.000000" m_tx="266.000000" m_ty="-367.792572"/>
   <element name="swap_hat" layername="swap_hat-2" frame="2" z_index="2" m_a="-0.997876" m_b="0.061347" m_c="0.061362" m_d="0.998116" m_tx="387.504364" m_ty="-123.849998"/>
  </frame>
  <frame idx="800" w="1235" h="737" x="-37.711731" y="-212.682846">
   <element name="wilson" layername="wilson" frame="1" z_index="7" m_a="1.000000" m_b="0.000000" m_c="0.000000" m_d="1.000000" m_tx="-145.635406" m_ty="-372.519196"/>
   <element name="swap_hat" layername="swap_hat" frame="1" z_index="7" m_a="1.000000" m_b="0.000000" m_c="0.000000" m_d="1.000000" m_tx="13.000000" m_ty="-120.699997"/>
   <element name="wilson" layername="wilson" frame="0" z_index="5" m_a="1.000000" m_b="0.000000" m_c="0.000000" m_d="1.000000" m_tx="-518.523804" m_ty="-365.000000"/>
   <element name="swap_hat" layername="swap_hat" frame="0" z_index="4" m_a="1.000000" m_b="0.000000" m_c="0.000000" m_d="1.000000" m_tx="-395.523804" m_ty="-120.099998"/>
   <element name="wilson" layername="wilson-2" frame="2" z_index="3" m_a="1.000000" m_b="0.000000" m_c="0.000000" m_d="1.000000" m_tx="266.000000" m_ty="-367.792572"/>
   <element name="swap_hat" layername="swap_hat-2" frame="2" z_index="2" m_a="-0.997876" m_b="0.061347" m_c="0.061362" m_d="0.998116" m_tx="387.504364" m_ty="-123.849998"/>
  </frame>
  <frame idx="825" w="1235" h="737" x="-37.711731" y="-212.682846">
   <element name="wilson" layername="wilson" frame="1" z_index="7" m_a="1.000000" m_b="0.000000" m_c="0.000000" m_d="1.000000" m_tx="-145.635406" m_ty="-372.519196"/>
   <element name="swap_hat" layername="swap_hat" frame="1" z_index="7" m_a="1.000000" m_b="0.000000" m_c="0.000000" m_d="1.000000" m_tx="13.000000" m_ty="-120.699997"/>
   <element name="wilson" layername="wilson" frame="0" z_index="5" m_a="1.000000" m_b="0.000000" m_c="0.000000" m_d="1.000000" m_tx="-518.523804" m_ty="-365.000000"/>
   <element name="swap_hat" layername="swap_hat" frame="0" z_index="4" m_a="1.000000" m_b="0.000000" m_c="0.000000" m_d="1.000000" m_tx="-395.523804" m_ty="-120.099998"/>
   <element name="wilson" layername="wilson-2" frame="2" z_index="3" m_a="1.000000" m_b="0.000000" m_c="0.000000" m_d="1.000000" m_tx="266.000000" m_ty="-367.792572"/>
   <element name="swap_hat" layername="swap_hat-2" frame="2" z_index="2" m_a="-0.997876" m_b="0.061347" m_c="0.061362" m_d="0.998116" m_tx="387.504364" m_ty="-123.849998"/>
  </frame>
  <frame idx="850" w="1235" h="737" x="-37.711731" y="-212.682846">
   <element name="wilson" layername="wilson" frame="1" z_index="7" m_a="1.000000" m_b="0.000000" m_c="0.000000" m_d="1.000000" m_tx="-145.635406" m_ty="-372.519196"/>
   <element name="swap_hat" layername="swap_hat" frame="1" z_index="7" m_a="1.000000" m_b="0.000000" m_c="0.000000" m_d="1.000000" m_tx="13.000000" m_ty="-120.699997"/>
   <element name="wilson" layername="wilson" frame="0" z_index="5" m_a="1.000000" m_b="0.000000" m_c="0.000000" m_d="1.000000" m_tx="-518.523804" m_ty="-365.000000"/>
   <element name="swap_hat" layername="swap_hat" frame="0" z_index="4" m_a="1.000000" m_b="0.000000" m_c="0.000000" m_d="1.000000" m_tx="-395.523804" m_ty="-120.099998"/>
   <element name="wilson" layername="wilson-2" frame="2" z_index="3" m_a="1.000000" m_b="0.000000" m_c="0.000000" m_d="1.000000" m_tx="266.000000" m_ty="-367.792572"/>
   <element name="swap_hat" layername="swap_hat-2" frame="2" z_index="2" m_a="-0.997876" m_b="0.061347" m_c="0.061362" m_d="0.998116" m_tx="387.504364" m_ty="-123.849998"/>
  </frame>
  <frame idx="875" w="1235" h="737" x="-37.711731" y="-212.682846">
   <element name="wilson" layername="wilson" frame="1" z_index="7" m_a="1.000000" m_b="0.000000" m_c="0.000000" m_d="1.000000" m_tx="-145.635406" m_ty="-372.519196"/>
   <element name="swap_hat" layername="swap_hat" frame="1" z_index="7" m_a="1.000000" m_b="0.000000" m_c="0.000000" m_d="1.000000" m_tx="13.000000" m_ty="-120.699997"/>
   <element name="wilson" layername="wilson" frame="0" z_index="5" m_a="1.000000" m_b="0.000000" m_c="0.000000" m_d="1.000000" m_tx="-518.523804" m_ty="-365.000000"/>
   <element name="swap_hat" layername="swap_hat" frame="0" z_index="4" m_a="1.000000" m_b="0.000000" m_c="0.000000" m_d="1.000000" m_tx="-395.523804" m_ty="-120.099998"/>
   <element name="wilson" layername="wilson-2" frame="2" z_index="3" m_a="1.000000" m_b="0.000000" m_c="0.000000" m_d="1.000000" m_tx="266.000000" m_ty="-367.792572"/>
   <element name="swap_hat" layername="swap_hat-2" frame="2" z_index="2" m_a="-0.997876" m_b="0.061347" m_c="0.061362" m_d="0.998116" m_tx="387.504364" m_ty="-123.849998"/>
  </frame>
  <frame idx="900" w="1235" h="737" x="-37.711731" y="-212.682846">
   <element name="wilson" layername="wilson" frame="1" z_index="7" m_a="1.000000" m_b="0.000000" m_c="0.000000" m_d="1.000000" m_tx="-145.635406" m_ty="-372.519196"/>
   <element name="swap_hat" layername="swap_hat" frame="1" z_index="7" m_a="1.000000" m_b="0.000000" m_c="0.000000" m_d="1.000000" m_tx="13.000000" m_ty="-120.699997"/>
   <element name="wilson" layername="wilson" frame="0" z_index="5" m_a="1.000000" m_b="0.000000" m_c="0.000000" m_d="1.000000" m_tx="-518.523804" m_ty="-365.000000"/>
   <element name="swap_hat" layername="swap_hat" frame="0" z_index="4" m_a="1.000000" m_b="0.000000" m_c="0.000000" m_d="1.000000" m_tx="-395.523804" m_ty="-120.099998"/>
   <element name="wilson" layername="wilson-2" frame="2" z_index="3" m_a="1.000000" m_b="0.000000" m_c="0.000000" m_d="1.000000" m_tx="266.000000" m_ty="-367.792572"/>
   <element name="swap_hat" layername="swap_hat-2" frame="2" z_index="2" m_a="-0.997876" m_b="0.061347" m_c="0.061362" m_d="0.998116" m_tx="387.504364" m_ty="-123.849998"/>
  </frame>
  <frame idx="925" w="1235" h="737" x="-37.711731" y="-212.682846">
   <element name="wilson" layername="wilson" frame="1" z_index="7" m_a="1.000000" m_b="0.000000" m_c="0.000000" m_d="1.000000" m_tx="-145.635406" m_ty="-372.519196"/>
   <element name="swap_hat" layername="swap_hat" frame="1" z_index="7" m_a="1.000000" m_b="0.000000" m_c="0.000000" m_d="1.000000" m_tx="13.000000" m_ty="-120.699997"/>
   <element name="wilson" layername="wilson" frame="0" z_index="5" m_a="1.000000" m_b="0.000000" m_c="0.000000" m_d="1.000000" m_tx="-518.523804" m_ty="-365.000000"/>
   <element name="swap_hat" layername="swap_hat" frame="0" z_index="4" m_a="1.000000" m_b="0.000000" m_c="0.000000" m_d="1.000000" m_tx="-395.523804" m_ty="-120.099998"/>
   <element name="wilson" layername="wilson-2" frame="2" z_index="3" m_a="1.000000" m_b="0.000000" m_c="0.000000" m_d="1.000000" m_tx="266.000000" m_ty="-367.792572"/>
   <element name="swap_hat" layername="swap_hat-2" frame="2" z_index="2" m_a="-0.997876" m_b="0.061347" m_c="0.061362" m_d="0.998116" m_tx="387.504364" m_ty="-123.849998"/>
  </frame>
  <frame idx="950" w="1235" h="737" x="-37.711731" y="-212.682846">
   <element name="wilson" layername="wilson" frame="1" z_index="7" m_a="1.000000" m_b="0.000000" m_c="0.000000" m_d="1.000000" m_tx="-145.635406" m_ty="-372.519196"/>
   <element name="swap_hat" layername="swap_hat" frame="1" z_index="7" m_a="1.000000" m_b="0.000000" m_c="0.000000" m_d="1.000000" m_tx="13.000000" m_ty="-120.699997"/>
   <element name="wilson" layername="wilson" frame="0" z_index="5" m_a="1.000000" m_b="0.000000" m_c="0.000000" m_d="1.000000" m_tx="-518.523804" m_ty="-365.000000"/>
   <element name="swap_hat" layername="swap_hat" frame="0" z_index="4" m_a="1.000000" m_b="0.000000" m_c="0.000000" m_d="1.000000" m_tx="-395.523804" m_ty="-120.099998"/>
   <element name="wilson" layername="wilson-2" frame="2" z_index="3" m_a="1.000000" m_b="0.000000" m_c="0.000000" m_d="1.000000" m_tx="266.000000" m_ty="-367.792572"/>
   <element name="swap_hat" layername="swap_hat-2" frame="2" z_index="2" m_a="-0.997876" m_b="0.061347" m_c="0.061362" m_d="0.998116" m_tx="387.504364" m_ty="-123.849998"/>
  </frame>
  <frame idx="975" w="1235" h="737" x="-37.711731" y="-212.682846">
   <element name="wilson" layername="wilson" frame="1" z_index="7" m_a="1.000000" m_b="0.000000" m_c="0.000000" m_d="1.000000" m_tx="-145.635406" m_ty="-372.519196"/>
   <element name="swap_hat" layername="swap_hat" frame="1" z_index="7" m_a="1.000000" m_b="0.000000" m_c="0.000000" m_d="1.000000" m_tx="13.000000" m_ty="-120.699997"/>
   <element name="wilson" layername="wilson" frame="0" z_index="5" m_a="1.000000" m_b="0.000000" m_c="0.000000" m_d="1.000000" m_tx="-518.523804" m_ty="-365.000000"/>
   <element name="swap_hat" layername="swap_hat" frame="0" z_index="4" m_a="1.000000" m_b="0.000000" m_c="0.000000" m_d="1.000000" m_tx="-395.523804" m_ty="-120.099998"/>
   <element name="wilson" layername="wilson-2" frame="2" z_index="3" m_a="1.000000" m_b="0.000000" m_c="0.000000" m_d="1.000000" m_tx="266.000000" m_ty="-367.792572"/>
   <element name="swap_hat" layername="swap_hat-2" frame="2" z_index="2" m_a="-0.997876" m_b="0.061347" m_c="0.061362" m_d="0.998116" m_tx="387.504364" m_ty="-123.849998"/>
  </frame>
 </anim>
 <anim name="anim" root="custom_hat" numframes="1000" framerate="40">
  <frame idx="0" w="334" h="297" x="-51.657806" y="-93.636993">
   <element name="swap_hat" layername="swap_hat-3" frame="3" z_index="7" m_a="0.705290" m_b="0.000000" m_c="0.000000" m_d="0.705290" m_tx="21.000000" m_ty="-10.300000"/>
  </frame>
  <frame idx="25" w="334" h="297" x="-51.657806" y="-93.636993">
   <element name="swap_hat" layername="swap_hat-3" frame="3" z_index="7" m_a="0.705290" m_b="0.000000" m_c="0.000000" m_d="0.705290" m_tx="21.000000" m_ty="-10.300000"/>
  </frame>
  <frame idx="50" w="334" h="297" x="-51.657806" y="-93.636993">
   <element name="swap_hat" layername="swap_hat-3" frame="3" z_index="7" m_a="0.705290" m_b="0.000000" m_c="0.000000" m_d="0.705290" m_tx="21.000000" m_ty="-10.300000"/>
  </frame>
  <frame idx="75" w="334" h="297" x="-51.657806" y="-93.636993">
   <element name="swap_hat" layername="swap_hat-3" frame="3" z_index="7" m_a="0.705290" m_b="0.000000" m_c="0.000000" m_d="0.705290" m_tx="21.000000" m_ty="-10.300000"/>
  </frame>
  <frame idx="100" w="334" h="297" x="-51.657806" y="-93.636993">
   <element name="swap_hat" layername="swap_hat-3" frame="3" z_index="7" m_a="0.705290" m_b="0.000000" m_c="0.000000" m_d="0.705290" m_tx="21.000000" m_ty="-10.300000"/>
  </frame>
  <frame idx="125" w="334" h="297" x="-51.657806" y="-93.636993">
   <element name="swap_hat" layername="swap_hat-3" frame="3" z_index="7" m_a="0.705290" m_b="0.000000" m_c="0.000000" m_d="0.705290" m_tx="21.000000" m_ty="-10.300000"/>
  </frame>
  <frame idx="150" w="334" h="297" x="-51.657806" y="-93.636993">
   <element name="swap_hat" layername="swap_hat-3" frame="3" z_index="7" m_a="0.705290" m_b="0.000000" m_c="0.000000" m_d="0.705290" m_tx="21.000000" m_ty="-10.300000"/>
  </frame>
  <frame idx="175" w="334" h="297" x="-51.657806" y="-93.636993">
   <element name="swap_hat" layername="swap_hat-3" frame="3" z_index="7" m_a="0.705290" m_b="0.000000" m_c="0.000000" m_d="0.705290" m_tx="21.000000" m_ty="-10.300000"/>
  </frame>
  <frame idx="200" w="334" h="297" x="-51.657806" y="-93.636993">
   <element name="swap_hat" layername="swap_hat-3" frame="3" z_index="7" m_a="0.705290" m_b="0.000000" m_c="0.000000" m_d="0.705290" m_tx="21.000000" m_ty="-10.300000"/>
  </frame>
  <frame idx="225" w="334" h="297" x="-51.657806" y="-93.636993">
   <element name="swap_hat" layername="swap_hat-3" frame="3" z_index="7" m_a="0.705290" m_b="0.000000" m_c="0.000000" m_d="0.705290" m_tx="21.000000" m_ty="-10.300000"/>
  </frame>
  <frame idx="250" w="334" h="297" x="-51.657806" y="-93.636993">
   <element name="swap_hat" layername="swap_hat-3" frame="3" z_index="7" m_a="0.705290" m_b="0.000000" m_c="0.000000" m_d="0.705290" m_tx="21.000000" m_ty="-10.300000"/>
  </frame>
  <frame idx="275" w="334" h="297" x="-51.657806" y="-93.636993">
   <element name="swap_hat" layername="swap_hat-3" frame="3" z_index="7" m_a="0.705290" m_b="0.000000" m_c="0.000000" m_d="0.705290" m_tx="21.000000" m_ty="-10.300000"/>
  </frame>
  <frame idx="300" w="334" h="297" x="-51.657806" y="-93.636993">
   <element name="swap_hat" layername="swap_hat-3" frame="3" z_index="7" m_a="0.705290" m_b="0.000000" m_c="0.000000" m_d="0.705290" m_tx="21.000000" m_ty="-10.300000"/>
  </frame>
  <frame idx="325" w="334" h="297" x="-51.657806" y="-93.636993">
   <element name="swap_hat" layername="swap_hat-3" frame="3" z_index="7" m_a="0.705290" m_b="0.000000" m_c="0.000000" m_d="0.705290" m_tx="21.000000" m_ty="-10.300000"/>
  </frame>
  <frame idx="350" w="334" h="297" x="-51.657806" y="-93.636993">
   <element name="swap_hat" layername="swap_hat-3" frame="3" z_index="7" m_a="0.705290" m_b="0.000000" m_c="0.000000" m_d="0.705290" m_tx="21.000000" m_ty="-10.300000"/>
  </frame>
  <frame idx="375" w="334" h="297" x="-51.657806" y="-93.636993">
   <element name="swap_hat" layername="swap_hat-3" frame="3" z_index="7" m_a="0.705290" m_b="0.000000" m_c="0.000000" m_d="0.705290" m_tx="21.000000" m_ty="-10.300000"/>
  </frame>
  <frame idx="400" w="334" h="297" x="-51.657806" y="-93.636993">
   <element name="swap_hat" layername="swap_hat-3" frame="3" z_index="7" m_a="0.705290" m_b="0.000000" m_c="0.000000" m_d="0.705290" m_tx="21.000000" m_ty="-10.300000"/>
  </frame>
  <frame idx="425" w="334" h="297" x="-51.657806" y="-93.636993">
   <element name="swap_hat" layername="swap_hat-3" frame="3" z_index="7" m_a="0.705290" m_b="0.000000" m_c="0.000000" m_d="0.705290" m_tx="21.000000" m_ty="-10.300000"/>
  </frame>
  <frame idx="450" w="334" h="297" x="-51.657806" y="-93.636993">
   <element name="swap_hat" layername="swap_hat-3" frame="3" z_index="7" m_a="0.705290" m_b="0.000000" m_c="0.000000" m_d="0.705290" m_tx="21.000000" m_ty="-10.300000"/>
  </frame>
  <frame idx="475" w="334" h="297" x="-51.657806" y="-93.636993">
   <element name="swap_hat" layername="swap_hat-3" frame="3" z_index="7" m_a="0.705290" m_b="0.000000" m_c="0.000000" m_d="0.705290" m_tx="21.000000" m_ty="-10.300000"/>
  </frame>
  <frame idx="500" w="334" h="297" x="-51.657806" y="-93.636993">
   <element name="swap_hat" layername="swap_hat-3" frame="3" z_index="7" m_a="0.705290" m_b="0.000000" m_c="0.000000" m_d="0.705290" m_tx="21.000000" m_ty="-10.300000"/>
  </frame>
  <frame idx="525" w="334" h="297" x="-51.657806" y="-93.636993">
   <element name="swap_hat" layername="swap_hat-3" frame="3" z_index="7" m_a="0.705290" m_b="0.000000" m_c="0.000000" m_d="0.705290" m_tx="21.000000" m_ty="-10.300000"/>
  </frame>
  <frame idx="550" w="334" h="297" x="-51.657806" y="-93.636993">
   <element name="swap_hat" layername="swap_hat-3" frame="3" z_index="7" m_a="0.705290" m_b="0.000000" m_c="0.000000" m_d="0.705290" m_tx="21.000000" m_ty="-10.300000"/>
  </frame>
  <frame idx="575" w="334" h="297" x="-51.657806" y="-93.636993">
   <element name="swap_hat" layername="swap_hat-3" frame="3" z_index="7" m_a="0.705290" m_b="0.000000" m_c="0.000000" m_d="0.705290" m_tx="21.000000" m_ty="-10.300000"/>
  </frame>
  <frame idx="600" w="334" h="297" x="-51.657806" y="-93.636993">
   <element name="swap_hat" layername="swap_hat-3" frame="3" z_index="7" m_a="0.705290" m_b="0.000000" m_c="0.000000" m_d="0.705290" m_tx="21.000000" m_ty="-10.300000"/>
  </frame>
  <frame idx="625" w="334" h="297" x="-51.657806" y="-93.636993">
   <element name="swap_hat" layername="swap_hat-3" frame="3" z_index="7" m_a="0.705290" m_b="0.000000" m_c="0.000000" m_d="0.705290" m_tx="21.000000" m_ty="-10.300000"/>
  </frame>
  <frame idx="650" w="334" h="297" x="-51.657806" y="-93.636993">
   <element name="swap_hat" layername="swap_hat-3" frame="3" z_index="7" m_a="0.705290" m_b="0.000000" m_c="0.000000" m_d="0.705290" m_tx="21.000000" m_ty="-10.300000"/>
  </frame>
  <frame idx="675" w="334" h="297" x="-51.657806" y="-93.636993">
   <element name="swap_hat" layername="swap_hat-3" frame="3" z_index="7" m_a="0.705290" m_b="0.000000" m_c="0.000000" m_d="0.705290" m_tx="21.000000" m_ty="-10.300000"/>
  </frame>
  <frame idx="700" w="334" h="297" x="-51.657806" y="-93.636993">
   <element name="swap_hat" layername="swap_hat-3" frame="3" z_index="7" m_a="0.705290" m_b="0.000000" m_c="0.000000" m_d="0.705290" m_tx="21.000000" m_ty="-10.300000"/>
  </frame>
  <frame idx="725" w="334" h="297" x="-51.657806" y="-93.636993">
   <element name="swap_hat" layername="swap_hat-3" frame="3" z_index="7" m_a="0.705290" m_b="0.000000" m_c="0.000000" m_d="0.705290" m_tx="21.000000" m_ty="-10.300000"/>
  </frame>
  <frame idx="750" w="334" h="297" x="-51.657806" y="-93.636993">
   <element name="swap_hat" layername="swap_hat-3" frame="3" z_index="7" m_a="0.705290" m_b="0.000000" m_c="0.000000" m_d="0.705290" m_tx="21.000000" m_ty="-10.300000"/>
  </frame>
  <frame idx="775" w="334" h="297" x="-51.657806" y="-93.636993">
   <element name="swap_hat" layername="swap_hat-3" frame="3" z_index="7" m_a="0.705290" m_b="0.000000" m_c="0.000000" m_d="0.705290" m_tx="21.000000" m_ty="-10.300000"/>
  </frame>
  <frame idx="800" w="334" h="297" x="-51.657806" y="-93.636993">
   <element name="swap_hat" layername="swap_hat-3" frame="3" z_index="7" m_a="0.705290" m_b="0.000000" m_c="0.000000" m_d="0.705290" m_tx="21.000000" m_ty="-10.300000"/>
  </frame>
  <frame idx="825" w="334" h="297" x="-51.657806" y="-93.636993">
   <element name="swap_hat" layername="swap_hat-3" frame="3" z_index="7" m_a="0.705290" m_b="0.000000" m_c="0.000000" m_d="0.705290" m_tx="21.000000" m_ty="-10.300000"/>
  </frame>
  <frame idx="850" w="334" h="297" x="-51.657806" y="-93.636993">
   <element name="swap_hat" layername="swap_hat-3" frame="3" z_index="7" m_a="0.705290" m_b="0.000000" m_c="0.000000" m_d="0.705290" m_tx="21.000000" m_ty="-10.300000"/>
  </frame>
  <frame idx="875" w="334" h="297" x="-51.657806" y="-93.636993">
   <element name="swap_hat" layername="swap_hat-3" frame="3" z_index="7" m_a="0.705290" m_b="0.000000" m_c="0.000000" m_d="0.705290" m_tx="21.000000" m_ty="-10.300000"/>
  </frame>
  <frame idx="900" w="334" h="297" x="-51.657806" y="-93.636993">
   <element name="swap_hat" layername="swap_hat-3" frame="3" z_index="7" m_a="0.705290" m_b="0.000000" m_c="0.000000" m_d="0.705290" m_tx="21.000000" m_ty="-10.300000"/>
  </frame>
  <frame idx="925" w="334" h="297" x="-51.657806" y="-93.636993">
   <element name="swap_hat" layername="swap_hat-3" frame="3" z_index="7" m_a="0.705290" m_b="0.000000" m_c="0.000000" m_d="0.705290" m_tx="21.000000" m_ty="-10.300000"/>
  </frame>
  <frame idx="950" w="334" h="297" x="-51.657806" y="-93.636993">
   <element name="swap_hat" layername="swap_hat-3" frame="3" z_index="7" m_a="0.705290" m_b="0.000000" m_c="0.000000" m_d="0.705290" m_tx="21.000000" m_ty="-10.300000"/>
  </frame>
  <frame idx="975" w="334" h="297" x="-51.657806" y="-93.636993">
   <element name="swap_hat" layername="swap_hat-3" frame="3" z_index="7" m_a="0.705290" m_b="0.000000" m_c="0.000000" m_d="0.705290" m_tx="21.000000" m_ty="-10.300000"/>
  </frame>
 </anim>
</Anims>
